{
  "$schema": "https://json-schema.org/draft/2020-12/schema",
  "$id": "https://github.com/dkoepsell/caml-trace/blob/main/schemas/caml-trace-event-kinds.schema.json",
  "title": "CAML-Trace Core Event Kinds",
  "oneOf": [
    { "$ref": "#/$defs/sessionStarted" },
    { "$ref": "#/$defs/sessionEnded" },
    { "$ref": "#/$defs/encounterAvailable" },
    { "$ref": "#/$defs/encounterTriggered" },
    { "$ref": "#/$defs/encounterResolved" },
    { "$ref": "#/$defs/stateSet" },
    { "$ref": "#/$defs/stateUnset" },
    { "$ref": "#/$defs/stateAddTag" },
    { "$ref": "#/$defs/stateRemoveTag" },
    { "$ref": "#/$defs/itemGained" },
    { "$ref": "#/$defs/itemLost" },
    { "$ref": "#/$defs/itemTransferred" },
    { "$ref": "#/$defs/actorDeclared" }
  ],
  "$defs": {
    "base": {
      "type": "object",
      "required": ["eid", "kind", "payload"],
      "properties": {
        "eid": { "type": "string" },
        "kind": { "type": "string" },
        "ts": { "type": "string" },
        "sessionId": { "type": "string" },
        "who": { "type": "string" },
        "where": { "type": "string" },
        "note": { "type": "string" },
        "meta": { "type": "object" },
        "payload": { "type": "object" }
      },
      "additionalProperties": false
    },

    "sessionStarted": {
      "allOf": [
        { "$ref": "#/$defs/base" },
        {
          "properties": {
            "kind": { "const": "session.started" },
            "payload": {
              "type": "object",
              "required": ["sessionId"],
              "properties": {
                "sessionId": { "type": "string" },
                "title": { "type": "string" }
              },
              "additionalProperties": true
            }
          }
        }
      ]
    },

    "sessionEnded": {
      "allOf": [
        { "$ref": "#/$defs/base" },
        {
          "properties": {
            "kind": { "const": "session.ended" },
            "payload": {
              "type": "object",
              "required": ["sessionId"],
              "properties": {
                "sessionId": { "type": "string" }
              },
              "additionalProperties": true
            }
          }
        }
      ]
    },

    "encounterAvailable": {
      "allOf": [
        { "$ref": "#/$defs/base" },
        {
          "properties": {
            "kind": { "const": "encounter.available" },
            "payload": {
              "type": "object",
              "required": ["encounterId"],
              "properties": {
                "encounterId": { "type": "string" },
                "because": { "type": "array", "items": { "type": "string" } }
              },
              "additionalProperties": true
            }
          }
        }
      ]
    },

    "encounterTriggered": {
      "allOf": [
        { "$ref": "#/$defs/base" },
        {
          "properties": {
            "kind": { "const": "encounter.triggered" },
            "payload": {
              "type": "object",
              "required": ["encounterId"],
              "properties": {
                "encounterId": { "type": "string" },
                "occursAt": { "type": "string" },
                "participants": { "type": "array", "items": { "type": "string" } }
              },
              "additionalProperties": true
            }
          }
        }
      ]
    },

    "encounterResolved": {
      "allOf": [
        { "$ref": "#/$defs/base" },
        {
          "properties": {
            "kind": { "const": "encounter.resolved" },
            "payload": {
              "type": "object",
              "required": ["encounterId", "resolution"],
              "properties": {
                "encounterId": { "type": "string" },
                "resolution": { "type": "string" },
                "outcomeRefs": { "type": "array", "items": { "type": "string" } }
              },
              "additionalProperties": true
            }
          }
        }
      ]
    },

    "stateSet": {
      "allOf": [
        { "$ref": "#/$defs/base" },
        {
          "properties": {
            "kind": { "const": "state.set" },
            "payload": {
              "type": "object",
              "required": ["path", "value"],
              "properties": {
                "path": { "type": "string" }
              },
              "additionalProperties": true
            }
          }
        }
      ]
    },

    "stateUnset": {
      "allOf": [
        { "$ref": "#/$defs/base" },
        {
          "properties": {
            "kind": { "const": "state.unset" },
            "payload": {
              "type": "object",
              "required": ["path"],
              "properties": {
                "path": { "type": "string" }
              },
              "additionalProperties": true
            }
          }
        }
      ]
    },

    "stateAddTag": {
      "allOf": [
        { "$ref": "#/$defs/base" },
        {
          "properties": {
            "kind": { "const": "state.addTag" },
            "payload": {
              "type": "object",
              "required": ["tag"],
              "properties": {
                "tag": { "type": "string" },
                "scope": { "type": "string" }
              },
              "additionalProperties": true
            }
          }
        }
      ]
    },

    "stateRemoveTag": {
      "allOf": [
        { "$ref": "#/$defs/base" },
        {
          "properties": {
            "kind": { "const": "state.removeTag" },
            "payload": {
              "type": "object",
              "required": ["tag"],
              "properties": {
                "tag": { "type": "string" },
                "scope": { "type": "string" }
              },
              "additionalProperties": true
            }
          }
        }
      ]
    },

    "itemGained": {
      "allOf": [
        { "$ref": "#/$defs/base" },
        {
          "properties": {
            "kind": { "const": "item.gained" },
            "payload": {
              "type": "object",
              "required": ["itemId"],
              "properties": {
                "itemId": { "type": "string" },
                "by": { "type": "string" }
              },
              "additionalProperties": true
            }
          }
        }
      ]
    },

    "itemLost": {
      "allOf": [
        { "$ref": "#/$defs/base" },
        {
          "properties": {
            "kind": { "const": "item.lost" },
            "payload": {
              "type": "object",
              "required": ["itemId"],
              "properties": {
                "itemId": { "type": "string" },
                "by": { "type": "string" }
              },
              "additionalProperties": true
            }
          }
        }
      ]
    },

    "itemTransferred": {
      "allOf": [
        { "$ref": "#/$defs/base" },
        {
          "properties": {
            "kind": { "const": "item.transferred" },
            "payload": {
              "type": "object",
              "required": ["itemId", "from", "to"],
              "properties": {
                "itemId": { "type": "string" },
                "from": { "type": "string" },
                "to": { "type": "string" }
              },
              "additionalProperties": true
            }
          }
        }
      ]
    },

    "actorDeclared": {
      "allOf": [
        { "$ref": "#/$defs/base" },
        {
          "properties": {
            "kind": { "const": "actor.declared" },
            "payload": {
              "type": "object",
              "required": ["actorId", "intent"],
              "properties": {
                "actorId": { "type": "string" },
                "intent": { "type": "string" },
                "targetId": { "type": "string" }
              },
              "additionalProperties": true
            }
          }
        }
      ]
    }
  }
}
