{
  "$schema": "https://json-schema.org/draft/2020-12/schema",
  "$id": "https://github.com/dkoepsell/caml-trace/blob/main/schemas/caml-trace-event.schema.json",
  "title": "CAML-Trace Event",
  "type": "object",
  "required": ["eid", "kind", "payload"],
  "properties": {
    "eid": { "type": "string", "minLength": 1 },
    "kind": { "type": "string", "minLength": 1 },
    "ts": { "type": "string" },
    "sessionId": { "type": "string" },
    "who": { "type": "string" },
    "where": { "type": "string" },
    "note": { "type": "string" },
    "payload": { "type": "object" },
    "meta": { "type": "object" }
  },
  "additionalProperties": false,

  "allOf": [
    {
      "if": { "properties": { "kind": { "enum": [
        "session.started",
        "session.ended",
        "encounter.available",
        "encounter.triggered",
        "encounter.resolved",
        "state.set",
        "state.unset",
        "state.addTag",
        "state.removeTag",
        "item.gained",
        "item.lost",
        "item.transferred",
        "actor.declared"
      ] } } },
      "then": { "$ref": "caml-trace-event-kinds.schema.json" }
    }
  ]
}
