{
  "$schema": "https://json-schema.org/draft/2020-12/schema",
  "$id": "https://github.com/dkoepsell/caml-trace/blob/main/schemas/caml-trace.schema.json",
  "title": "CAML-Trace",
  "type": "object",
  "required": ["type", "id", "moduleId", "traceVersion", "events"],
  "properties": {
    "type": { "const": "CAMLTrace" },
    "id": { "type": "string", "minLength": 3 },
    "moduleId": { "type": "string", "minLength": 3 },
    "camlVersion": { "type": "string" },
    "traceVersion": { "type": "string" },

    "campaign": {
      "type": "object",
      "properties": {
        "id": { "type": "string" },
        "name": { "type": "string" },
        "gm": { "type": "string" },
        "ruleset": { "type": "string" }
      },
      "additionalProperties": true
    },

    "sessions": {
      "type": "array",
      "items": {
        "type": "object",
        "required": ["id"],
        "properties": {
          "id": { "type": "string" },
          "title": { "type": "string" },
          "startedAt": { "type": "string" },
          "endedAt": { "type": "string" }
        },
        "additionalProperties": true
      }
    },

    "actors": {
      "type": "array",
      "items": {
        "type": "object",
        "required": ["id", "type"],
        "properties": {
          "id": { "type": "string" },
          "type": { "type": "string", "enum": ["PC", "NPC", "Party", "System"] },
          "name": { "type": "string" }
        },
        "additionalProperties": true
      }
    },

    "events": {
      "type": "array",
      "minItems": 1,
      "items": { "$ref": "caml-trace-event.schema.json" }
    }
  },
  "additionalProperties": false
}
